shipping_is_express,title_orig,product_url,badge_fast_shipping,badge_local_product,rating,merchant_id,title,rating_four_count,retail_price,rating_five_count,rating_two_count,merchant_title,price,product_id,shipping_option_price,merchant_rating,badge_product_quality,rating_one_count,badges_count,inventory_total,urgency_text,merchant_name,product_color,product_picture,countries_shipped_to,merchant_has_profile_picture,rating_count,tags,origin_country,units_sold,merchant_rating_count,product_variation_inventory,uses_ad_boosts,shipping_option_name,rating_three_count,merchant_info_subtitle,merchant_profile_picture,product_variation_size_id
0,Sexy Women One-Piece Push Up Bikini Bandage Monokini Swimsuit Bathing Swimwear,https://www.wish.com/c/56975d088b70437255bf8af8,0,0,3.64,53facca81c105e3d5866e212,Femmes sexy une pi√®ce push-up bikini bandage monokini maillot de bain maillot de bain,691,250,1342,301,GL,11,56975d088b70437255bf8af8,3,4.156715324661136,0,445,0,50,Quantit√© limit√©e !,gl,white,https://contestimg.wish.com/api/webimage/56975d088b70437255bf8af8-medium.jpg,47,1,3397,"Women,womenpaddedbra,summercasualfashionsexywomenprintbikinissetpushupbraswimsuitmidwaist,women swimsuit,onepiece,womensummersexybacklessbikini,Swimsuit,Swimwear,sexyswimwearset,Bikini,Fashion,fashionswimsuitswimwearbathingsuit,womenfashionsummerbikinisset,sexy,pushupbikiniset,fashionsweetladybeautywomenbikinisexyswimwear,Women's Fashion,summerbeachbikini,Swimming",CN,20000,402743,50,0,Livraison standard,618,"89 % avis positifs (402,743 notes)",https://s3-us-west-1.amazonaws.com/sweeper-production-merchantimage/dp_53facca81c105e3d5866e212.jpg,S
0,Summer Women Short Dress Sleeveless Waist Dress Camouflage Dress Bodycon Slim Fit Dress Plus Size XS-8XL,https://www.wish.com/c/5e9e8c496f15e20742bd4172,0,0,3.9,550ab2be8e8def0b2c654d4b,√ât√© Femmes Robe Courte Sans Manches Taille Robe Camouflage Robe Moulante Slim Fit Robe Plus La Taille XS-8XL,7,7,9,0,ELIM fashion store,8,5e9e8c496f15e20742bd4172,3,4.3183153770812925,0,3,0,50,Quantit√© limit√©e !,elimfashionstore,purple,https://contestimg.wish.com/api/webimage/5e9e8c496f15e20742bd4172-medium.jpg,21,1,21,"Summer,Plus Size,women dresses,Evening Dress,Dress,slim,casual dresses,Mini dress,beach dress,sleeveless,summer dresses,casual dress,slim dress,Shorts,Waist,short dress,Slim Fit,Women's Fashion,camouflage,Sleeveless dress,t,women dress,Women",CN,100,6126,50,0,Livraison standard,2,"92 % avis positifs (6,126 notes)",https://s3-us-west-1.amazonaws.com/sweeper-production-merchantimage/dp_550ab2be8e8def0b2c654d4b.jpg,SIZE XS
0,Summer Fashion Women Round Neck Sleeveless Pure Color Casual Pocket Dress,https://www.wish.com/c/5a3e27622b0a1c693c87e849,0,0,3.75,5853765779b45e0b58ad30f4,"Summer Fashion Women - Robe d√©contract√©e sans manches √† col rond sans manches, de couleur pure, √† poches",36,9,101,15,XMB mobile experience store,7,5a3e27622b0a1c693c87e849,2,4.152726560715335,0,29,0,50,Quantit√© limit√©e !,xmbmobileexperiencestore,black,https://contestimg.wish.com/api/webimage/5a3e27622b0a1c693c87e849-medium.jpg,44,1,219,"Round neck,Plus Size,Necks,Summer,Dress,Loose,Pocket,Women's Fashion,Fashion,Pure Color,sleeveless,Casual,Women",CN,1000,30643,2,0,Livraison standard,38,"89 % avis positifs (30,643 notes)",https://s3-us-west-1.amazonaws.com/sweeper-production-merchantimage/dp_5853765779b45e0b58ad30f4.jpg,S
0,Womens Summer Blouse Sexy Floral Shirt Loose Kimono Cardigan Casual Jacket Tops,https://www.wish.com/c/572981a997dc5f5d3c5f0651,0,0,4.14,5357bcf2bb72c5504882e889,Femmes Chemisier d'√©t√© Chemise Sexy Floral Chemise ample Cardigan Kimono Cardigan Casual Jacket Tops,1205,18,3125,305,ApparelHeaven,11,572981a997dc5f5d3c5f0651,3,4.2188662973274464,0,286,0,50,Quantit√© limit√©e !,primesalecolimited,pink,https://contestimg.wish.com/api/webimage/572981a997dc5f5d3c5f0651-medium.jpg,46,1,5759,"blouse,Summer,Fashion,Tops,kimono,Casual,Jacket,cardigan,Floral,sexy,summer tops",CN,20000,320031,50,1,Livraison standard,838,"90 % avis positifs (320,031 notes)",https://s3-us-west-1.amazonaws.com/sweeper-production-merchantimage/dp_5357bcf2bb72c5504882e889.jpg,S
0,New Women Fashion Two Piece Sunflower Printed Bikini Set Swimsuit Bathing Suit Beach Wear High Waist Bikini Swimwear,https://www.wish.com/c/5e6079792389e6a7ef176eed,0,0,3.38,577fb2b368116418674befd9,Nouvelles femmes mode deux pi√®ces tournesol imprim√© bikini ensemble maillot de bain maillot de bain plage porter taille haute bikini maillots de bain,6,5,24,2,keepahorse,5.74,5e6079792389e6a7ef176eed,2,4.137581777804454,0,15,0,50,Quantit√© limit√©e !,keepahorse,yellow,https://contestimg.wish.com/api/webimage/5e6079792389e6a7ef176eed-medium.jpg,30,1,58,"bathing suit,Fashion,high waist,Sunflowers,Beach,Waist,beach wear,Swimwear,Bikini,printed,Suits,Swimming,Women,Swimsuit,Women's Fashion,Two piece set",CN,100,66644,1,1,Livraison standard,11,"(66,644 notes)",https://s3-us-west-1.amazonaws.com/sweeper-production-merchantimage/dp_577fb2b368116418674befd9.jpg,XS
0,Hexagon Mulit Style Straw Bag Handbags Women Summer Rattan Bag Handmade Woven Beach Shoulder Messenger Bags,https://www.wish.com/c/5d2509a8b67b3f36849121a7,0,0,4.23,5b8deaae2eb51f6d30ff9a3d,Hexagon Mulit Style Mulit Sacs √† Main Sacs √† Paille Sacs √† Main en Rotin √ât√© Femme Sacs de Plage Tiss√©s √† la Main Sacs Messagers √âpaule de Plage,43,6,121,8,bagbagbagshop,7,5d2509a8b67b3f36849121a7,2,4.3324293785310735,0,11,0,50,Quantit√© limit√©e !,caeagle,green,https://contestimg.wish.com/api/webimage/5d2509a8b67b3f36849121a7-medium.jpg,36,1,207,"women bags,beachbag,strawbag,pursesampwallet,Shoulder Bags,Handmade,fashion bag,minibag,Bags,Crossbody Bag,Summer,Handbags,Women's Fashion,Beach,woven,Women",CN,1000,4425,50,1,Livraison standard,24,"93 % avis positifs (4,425 notes)",https://s3-us-west-1.amazonaws.com/sweeper-production-merchantimage/dp_5b8deaae2eb51f6d30ff9a3d.jpg,Pack of 1
0,Women Fashion Summer Dress Butterfly Print Sleeveless Short O-neck Mini Dress Above Knee Casual Loose Plus Size Button Pockets Dress Size S-5XL,https://www.wish.com/c/5d79d8dc6607933421ffa6a4,0,0,3.03,58c910072be00b51c601ccee,Femmes Mode Robe D'√©t√© Papillon Imprimer Sans Manches Court O-cou Mini Robe Au-dessus Du Genou Casual L√¢che Plus La Taille Poches Boutons Robe Taille S-5XL,20,8,32,12,BigHero,9,5d79d8dc6607933421ffa6a4,3,4.057185405807893,0,34,0,50,Quantit√© limit√©e !,bighero,yellow,https://contestimg.wish.com/api/webimage/5d79d8dc6607933421ffa6a4-medium.jpg,41,1,124,"butterfly,Summer,Plus Size,butterflydre,Mini,fashion dress,Dress,Mini dress,beach dress,Fashion,knee,Casual,casual dress,Shorts,button,summer dress,Women's Fashion,Sleeveless dress,Print,sleeveless,Women,loose dress",CN,1000,6715,50,1,Livraison standard,26,"86 % avis positifs (6,715 notes)",https://s3-us-west-1.amazonaws.com/sweeper-production-merchantimage/dp_58c910072be00b51c601ccee.jpg,S
0,2019 New Fashion Spring Summer Women's Long Pants Short Sleeves Off Shoulder Jumpsuit,https://www.wish.com/c/5cbd345663e9171f9180b06d,0,0,3.8,55c8a4c33a698c6010edcd9e,2019 nouvelle mode printemps √©t√© femmes pantalons longs manches courtes hors √©paule combinaison,422,11,932,151,Smart Home International Co.Ltd,12,5cbd345663e9171f9180b06d,3,4.1214837434884135,0,244,0,50,Quantit√© limit√©e !,smarthomeinternationalcoltd,black,https://contestimg.wish.com/api/webimage/5cbd345663e9171f9180b06d-medium.jpg,49,1,2066,"Summer,Shorts,Sleeve,pants,Spring,Loose,short sleeves,Long pants,Fashion,off shoulder,black,Causal,Women Fashion,jumpsuit",CN,20000,55670,25,1,Livraison standard,317,"88 % avis positifs (55,670 notes)",https://s3-us-west-1.amazonaws.com/sweeper-production-merchantimage/dp_55c8a4c33a698c6010edcd9e.jpg,M
0,Women Fashion Short Jumpsuit Spaghetti Strap Sleeveless Rompers Summer One Piece Set Casual Summer Outfits,https://www.wish.com/c/5e4267d60640954a435e64f5,0,0,4.26,5d462e58f320403871a78593,Femmes Mode Combinaison Courte Spaghetti Strap Sans Manches Barboteuses D'√©t√© Une Pi√®ce Ensemble Casual Tenues D'√©t√©,14,6,30,1,chooop,7,5e4267d60640954a435e64f5,2,3.837956204379562,0,3,0,50,Quantit√© limit√©e !,chooop,armygreen,https://contestimg.wish.com/api/webimage/5e4267d60640954a435e64f5-medium.jpg,31,1,53,"Summer,Shorts,Women,shortromper,Spaghetti,onepiece,Spaghetti Strap,One-Piece Suits,shortjumpsuit,Women's Fashion,Fashion,Casual,summerjumpsuit,sleeveless,Rompers,women Jumpsuit,playsuit,jumpsuit",CN,100,2055,50,0,Livraison standard,5,"81 % avis positifs (2,055 notes)",https://s3-us-west-1.amazonaws.com/sweeper-production-merchantimage/dp_5d462e58f320403871a78593.jpg,S
0,Plus Size Fashion Women Summer Casual Tank Tops Loose Beach Blouses Sleeveless Bohemia Printed Cotton Beach T Shirt,https://www.wish.com/c/5e686ce3e1cc2837f55f4401,0,0,3.74,566a25e33a698c1f131fd872,Grande taille mode femmes √©t√© d√©bardeurs d√©contract√©s chemisiers de plage en vrac sans manches boh√™me imprim√© coton plage t-shirt,8,13,25,4,CVhart,7,5e686ce3e1cc2837f55f4401,2,3.9494216129818764,0,7,0,50,Quantit√© limit√©e !,cvhart,pink,https://contestimg.wish.com/api/webimage/5e686ce3e1cc2837f55f4401-medium.jpg,41,1,54,"bohemia,Summer,Plus Size,Loose,tank top,Women's Fashion,Fashion,sleeveless tops,Summer Fashion,Casual,Cotton,blouse,beachtshirt,Tank,Shirt,Tops,boho,women shirt,sleeveless,Women,Beach,printed",CN,1000,36913,50,1,Livraison standard,10,"83 % avis positifs (36,913 notes)",https://s3-us-west-1.amazonaws.com/sweeper-production-merchantimage/dp_566a25e33a698c1f131fd872.jpg,S
0,MXNINA  Sexy Women's Summer Casual Sleeveless Evening Party Backless Beachwear Mini Dress wmnC16122400387E21,https://www.wish.com/c/5936611a08f45940ce8b5e01,0,0,3.51,57c306d73a698c06f98ed450,MXNINA  Sexy Women's Summer Casual Sleeveless Evening Party Backless Beachwear Mini Dress wmnC16122400387E21,10,21,17,8,SKATE,9,5936611a08f45940ce8b5e01,3,4.113869950137377,0,6,0,50,Quantit√© limit√©e !,skate,green,https://contestimg.wish.com/api/webimage/5936611a08f45940ce8b5e01-medium.jpg,34,1,47,"Summer,womens dresses,Mini,Patchwork,fashion dress,Dress,Mini dress,Women's Fashion,Women S Clothing,backless,sexy,party,Casual,sleeveless",CN,100,9827,7,0,Livraison standard,6,"87 % avis positifs (9,827 notes)",https://s3-us-west-1.amazonaws.com/sweeper-production-merchantimage/dp_57c306d73a698c06f98ed450.jpg,M
0,Women's Fashion Short Sleeve Round Collar Summer Tank Tops Feather Print T-shirt,https://www.wish.com/c/5d11c1a359a267782799345b,0,0,4.21,546d44001280fa3ce1bf80fa,Mode f√©minine √† manches courtes col rond D√©bardeurs T-shirt imprim√© plumes,20,17,60,5,HUASHU co. ltd.,12,5d11c1a359a267782799345b,3,3.9103428069147377,0,5,0,50,Quantit√© limit√©e !,huashucoltd,white,https://contestimg.wish.com/api/webimage/5d11c1a359a267782799345b-medium.jpg,43,1,103,"Summer,Collar,Fashion,Tank,Sleeve,Women Vest,Round Collar,Tops,T Shirts,tank top,short sleeves,Women's Fashion,Shorts,featherprint,Print,sleeveless,feather,Casual",CN,1000,20478,50,0,Livraison standard,13,"82 % avis positifs (20,478 notes)",https://s3-us-west-1.amazonaws.com/sweeper-production-merchantimage/dp_546d44001280fa3ce1bf80fa.jpg,M
0,Women Casual Tank Tops Hollow Out Cross Tee Shirt Summer Sleeveless Halter Loose Tunic Tops Vest,https://www.wish.com/c/5cedf538a1e74b7cfd5974ab,0,0,4.13,570ceafac277d445e3cbebe5,Femme D√©bardeur d√©contract√© D√©bardeur Dessus T-shirt Croix Creuse T-shirt √ât√© Halter Sans Manches Tunique D√©gag√©e Dessus Veste,296,7,705,79,Excellent Fashion Store,8,5cedf538a1e74b7cfd5974ab,2,4.053017944535074,0,70,0,50,Quantit√© limit√©e !,excellentfashionstore,grey,https://contestimg.wish.com/api/webimage/5cedf538a1e74b7cfd5974ab-medium.jpg,31,1,1312,"Women Vest,Vest,Fashion,Halter,Women Blouse,summer t-shirts,Cross,Women's Fashion,Summer,Casual T-Shirt,tunic,short sleeve shirt,Casual,Women,blouse women,Tops & Blouses,Shirt,Short Sleeve Blouses,Tops,Blouses & Shirts,sleeveless,Short Sleeve T-Shirt,Tank",CN,10000,7356,50,0,Livraison standard,162,"86 % avis positifs (7,356 notes)",https://s3-us-west-1.amazonaws.com/sweeper-production-merchantimage/dp_570ceafac277d445e3cbebe5.jpg,XS
0,2019 New Fashion Summer Women Casual Dress Round Neck Loose Big Swing Skirt Sleeveless Soild Color Beach dress,https://www.wish.com/c/5cd3e32fd908537780580e43,0,0,3.61,557ed5b886d66519ff242099,2019 New Fashion Summer Women Casual Dress Round Neck Round Neck Loose Big Swing Skirt Sleeveless Soild Color Robe de plage de couleur douce,434,5,981,220,redisland,5.74,5cd3e32fd908537780580e43,1,4.153665091898569,0,363,0,50,Quantit√© limit√©e !,redisland,white,https://contestimg.wish.com/api/webimage/5cd3e32fd908537780580e43-medium.jpg,50,1,2366,"Summer,Fashion,Necks,Skirts,Dress,Loose,Women's Fashion,Round neck,beach dress,sleeveless,black dress,Beach,Casual,Women",CN,10000,59903,1,1,Livraison standard,368,"88 % avis positifs (59,903 notes)",https://s3-us-west-1.amazonaws.com/sweeper-production-merchantimage/dp_557ed5b886d66519ff242099.jpg,M
0,2018 New Fashion Women Casual Playsuit Ladies Jumpsuit Romper Summer Floral Playsuit Brand New (3 Colors),https://www.wish.com/c/5aec22cec25735338c544690,0,0,3.72,55e7e41e606d0a18fdfc67d1,2018 New Fashion Women Casual Playsuit Dames Jumpsuit Romper Summer Floral Playsuit Brand New (3 Colors),201,10,447,81,besagift,11,5aec22cec25735338c544690,2,4.268002261895145,0,144,0,50,Quantit√© limit√©e !,besagift,white,https://contestimg.wish.com/api/webimage/5aec22cec25735338c544690-medium.jpg,25,1,1008,"Summer,Shorts,Rompers,Casual,Ladies,Women's Fashion,Fashion,off shoulder,sexy,Floral,sleeveless,Women,Beach,playsuit,jumpsuit",CN,5000,61895,50,0,Livraison standard,135,"(61,895 notes)",https://s3-us-west-1.amazonaws.com/sweeper-production-merchantimage/dp_55e7e41e606d0a18fdfc67d1.jpg,M
0,Plus Size Women Floral Dress Spaghetti Strap Collect Waist A-line Summer Mini Dress,https://www.wish.com/c/5ad8a6fda7d4844b7e6d9e5e,0,0,4.14,5620c3b23a698c4bc7d17e8c,Grande Taille Femme Robe Fleurale Robe Collect Largeur Taille Mini Robe d'√©t√© √† bretelles spaghetti et fines bretelles,776,11,1950,184,Chen Tidal current clothing,12,5ad8a6fda7d4844b7e6d9e5e,3,3.9848368423748783,0,222,0,50,Quantit√© limit√©e !,chentidalcurrentclothing,navyblue,https://contestimg.wish.com/api/webimage/5ad8a6fda7d4844b7e6d9e5e-medium.jpg,30,1,3560,"Mini,Plus Size,Print Dresses,Waist,Summer,Dress,Mini dress,Women's Fashion,vestido,Floral,Spaghetti,Women",CN,10000,19521,50,0,Livraison standard,428,"85 % avis positifs (19,521 notes)",https://s3-us-west-1.amazonaws.com/sweeper-production-merchantimage/dp_5620c3b23a698c4bc7d17e8c.jpg,S
0,Summer Fashion Women's Jumpsuit Floral Print Sleeveless 5 Colors Romper,https://www.wish.com/c/5a6ac97e5983516f0f0dbf85,0,0,4.12,56c3c5d830d9795c3bad3124,Mode d'√©t√© pour dames Jumpsuit sans manches imprim√© floral 5 couleurs Romper,606,11,1573,135,Teamwolf,13,5a6ac97e5983516f0f0dbf85,3,4.147841677010067,0,188,0,50,Quantit√© limit√©e !,teamwolf,black,https://contestimg.wish.com/api/webimage/5a6ac97e5983516f0f0dbf85-medium.jpg,36,1,2901,"Summer,trousers,Floral print,Fashion,Print,Long pants,Women Clothing,Floral,sleeveless,sexy jumpsuit,Jumpers,Clothing,Rompers,jumpsuit",CN,10000,14502,50,0,Livraison standard,399,"(14,502 notes)",https://s3-us-west-1.amazonaws.com/sweeper-production-merchantimage/dp_56c3c5d830d9795c3bad3124.jpg,M
0,Black and White Boho Maxi Long Dress,https://www.wish.com/c/57d25f8877ba9b045e02cd12,0,0,3.42,57875ba40cb30d38ba46f57d,Femmes robe d'√©t√© sexy Boho Maxi longue robe de soir√©e robe de plage robe d'√©t√© MEL,1403,37,2679,793,Melantha,11,57d25f8877ba9b045e02cd12,3,4.310188055383343,0,1404,0,50,Quantit√© limit√©e !,melantha,black,https://contestimg.wish.com/api/webimage/57d25f8877ba9b045e02cd12-medium.jpg,39,1,7596,"Summer,slim dress,sundress,long dress,fashion dress,Dress,summer dress,beach dress,longmaxiskirt,boho,Party Dress,boho dress,party,sexy,women dress,Beach,Women's Fashion,geometricpattern,evening party dress,Women",CN,20000,58068,50,0,Livraison standard,1317,"91 % avis positifs (58,068 notes)",https://s3-us-west-1.amazonaws.com/sweeper-production-merchantimage/dp_57875ba40cb30d38ba46f57d.jpg,S
0,Casual Summer Women's Romper Short Lace Playsuit V-Neck Slim Ladies Jumpsuit,https://www.wish.com/c/5e21311e2e434806022e2d5f,0,0,3.46,5817f156d8ef7848c3b400cc,Combishort d√©contract√© √† manches courtes en dentelle pour femmes,5,89,8,0,ocean5for8ZH,11,5e21311e2e434806022e2d5f,2,4.38569196276921,0,5,0,50,Quantit√© limit√©e !,ocean5for8zh,black,https://contestimg.wish.com/api/webimage/5e21311e2e434806022e2d5f-medium.jpg,52,1,24,"Summer,Women Rompers,Shorts,women beachwear,womenonepiece,lace top,lace bralette top,womensjumpsuitsromper,V-neck,Rompers,women summer tops,lace lingerie,Women S Clothing,Ladies,jumpsuit,slim,Casual,Lace",CN,100,73595,50,0,Livraison standard,6,"93 % avis positifs (73,595 notes)",https://s3-us-west-1.amazonaws.com/sweeper-production-merchantimage/dp_5817f156d8ef7848c3b400cc.jpg,S
0,Summer New Tank Top Women's Fashion Loose Casual Sleeveless Design Floral Printed Spaghetti Strap Tank Top Plus Size  Tops  S-6XL,https://www.wish.com/c/5d0b0ac9fdbec0744e2584a9,0,0,3.96,5acaf29d5ebcfd72403106a8,Summer New Tank Top Women's Fashion Loose Casual Sleeveless Design Floral Printed Spaghetti Strap Tank Top Plus Size  Tops  S-6XL,26,6,86,8,Suyi Technology,5.65,5d0b0ac9fdbec0744e2584a9,2,4.045170200666179,0,16,0,50,Quantit√© limit√©e !,greatexpectationstechnology,black,https://contestimg.wish.com/api/webimage/5d0b0ac9fdbec0744e2584a9-medium.jpg,23,1,164,"Summer,Plus Size,Tank,Tops,Spaghetti Strap,tank top,floralprinted,Women's Fashion,Fashion,Design,printed,Floral,sleeveless,Spaghetti,Casual",CN,1000,12309,17,1,Livraison standard,28,"86 % avis positifs (12,309 notes)",https://s3-us-west-1.amazonaws.com/sweeper-production-merchantimage/dp_5acaf29d5ebcfd72403106a8.jpg,M
0,2018 T Shirts + Shorts Brand Clothing Tshirt Men Homme Letter Printed Basketball Running Sports Set T-shirt Suit Male,https://www.wish.com/c/575f968e71c7c161e321f107,0,0,3.87,56effd3864d54a58a619bdb1,2018 T-shirts + shorts T-shirts de marque T-shirt Hommes V√™tements de marque T-shirt Homme Lettre Imprim√© Basketball Sports Running Set T-shirt de course √† pied Costume Hommes,56,31,178,24,wuguipanwei2016,12,575f968e71c7c161e321f107,3,4.007824726134586,0,45,0,50,Quantit√© limit√©e !,wuguipanwei2016,green,https://contestimg.wish.com/api/webimage/575f968e71c7c161e321f107-medium.jpg,12,1,344,"bathing suit,Fashion,Sports & Outdoors,summersuit,Men,pantssuit,T Shirts,Basketball,Men's pants,printed,Sport,Swimming suit,tshirtsuit,Shorts,Shirt,Clothing,track suit,Fashion Suits,Running,Men's Fashion,Sport Suits,Suits",CN,1000,639,50,0,Expediere Standard,41,85% Feedback pozitiv (639 rating),https://s3-us-west-1.amazonaws.com/sweeper-production-merchantimage/dp_56effd3864d54a58a619bdb1.jpg,XS
0,Woman's New Summer Women Stretchy Camisole  Spaghetti Strap Long Tank Top Slip Mini Dress Fashion Sleeveless Backless Low Cut Top Camisole Spaghetti Strap Dress Beach Dress 7 Color,https://www.wish.com/c/5c6a62559d67d46bb6ce5d70,0,0,3.82,57ee6909567a8d101913df98,Nouvelle femme d'√©t√© pour femmes Camisole extensible Spaghetti Strap Long Tank Top Slip Mini Dress Fashion Sans manches Backless Low Cut Top Camisole Spaghetti Strap Dress Beach Dress 7 Color,101,11,189,30,Oneshopp,12,5c6a62559d67d46bb6ce5d70,3,3.978864638096755,0,49,0,50,Quantit√© limit√©e !,oneshopp,red,https://contestimg.wish.com/api/webimage/5c6a62559d67d46bb6ce5d70-medium.jpg,41,1,428,"Mini,Strapless Dress,Fashion,Tank,Spaghetti,Summer,Beach,Tops,Spaghetti Strap,beach dress,tank top,bodycon,Women's Fashion,Sleeveless dress,backless,Dress,sleeveless,Mini dress,slim,Casual,Women",CN,1000,18831,50,0,Livraison standard,59,"(18,831 notes)",https://s3-us-west-1.amazonaws.com/sweeper-production-merchantimage/dp_57ee6909567a8d101913df98.jpg,S
0,New Fashion Women's Summer Drawstring Pants  Loose Casual Shorts Elastic Waistband Lacing Short Pants,https://www.wish.com/c/5cc7b4c98b94871ee33b33b6,0,0,3.67,5acaf29d5ebcfd72403106a8,New Fashion Women's Summer Drawstring Pants  Loose Casual Shorts Elastic Waistband Lacing Short Pants,3,6,7,1,Suyi Technology,7,5cc7b4c98b94871ee33b33b6,2,4.045170200666179,0,2,0,50,Quantit√© limit√©e !,greatexpectationstechnology,khaki,https://contestimg.wish.com/api/webimage/5cc7b4c98b94871ee33b33b6-medium.jpg,23,1,18,"drawstringpant,Summer,Shorts,Bottom,pants,Loose,Short pants,Women's Fashion,Plus Size,Fashion,Casual,Women",CN,100,12309,44,1,Livraison standard,5,"86 % avis positifs (12,309 notes)",https://s3-us-west-1.amazonaws.com/sweeper-production-merchantimage/dp_5acaf29d5ebcfd72403106a8.jpg,M
0,New Fashion Women Round Neck Summer Polka Dot Printed Sleeveless Dress Ladies Casual Mid-length Plus Size Dress,https://www.wish.com/c/5d78933775c1735981cf4c25,0,0,3.48,55c8a4c33a698c6010edcd9e,"Nouvelle mode femmes col rond √©t√© polka dot robe sans manches imprim√©e dames occasionnel mi-longueur, plus la taille robe",4,4,9,5,Smart Home International Co.Ltd,3.86,5d78933775c1735981cf4c25,1,4.1214837434884135,0,3,0,50,Quantit√© limit√©e !,smarthomeinternationalcoltd,green,https://contestimg.wish.com/api/webimage/5d78933775c1735981cf4c25-medium.jpg,49,1,23,"Summer,Plus Size,Necks,Dress,Polkas,Round neck,Women's Fashion,Fashion,polka dot,Sleeveless dress,Ladies,sleeveless,printed,Casual,Women",CN,100,55670,1,1,Livraison standard,2,"(55,670 notes)",https://s3-us-west-1.amazonaws.com/sweeper-production-merchantimage/dp_55c8a4c33a698c6010edcd9e.jpg,S
0,Women's Fashion Plus Size Casual Short Sleeve Loose Summer Print V-neck Dress,https://www.wish.com/c/5ea8dcee238ae108c8a57aa1,0,0,3.29,5533c83986ff95173dc017d0,"Mode f√©minine, plus la taille d√©contract√©e √† manches courtes l√¢che d'√©t√© imprimer robe √† col en V",12,8,40,11,shuilingjiao international trade company,9,5ea8dcee238ae108c8a57aa1,3,4.080890773644167,0,26,0,50,Quantit√© limit√©e !,shuilingjiaointernationaltradecompany,red,https://contestimg.wish.com/api/webimage/5ea8dcee238ae108c8a57aa1-medium.jpg,28,1,99,"Summer,Plus Size,Sleeve,Dress,Loose,short sleeves,V-neck,Shorts,Women's Fashion,Fashion,Print,Casual,Women Fashion",CN,1000,88193,44,1,Livraison standard,10,"(88,193 notes)",https://s3-us-west-1.amazonaws.com/sweeper-production-merchantimage/dp_5533c83986ff95173dc017d0.jpg,Size S
0,Plus Size XS-6XL Summer Women Round Neck Sleeveless Dress Casual Floral Printed Dress Slim Flower Dresses,https://www.wish.com/c/5d550011680f557c89bb4406,0,0,4,547465748edcfa6ceab14f70,Plus la taille XS-6XL d'√©t√© femmes col rond robe sans manches d√©contract√© imprim√© floral robe Slim fleur robes,59,10,103,7,wofu_network_technology,11,5d550011680f557c89bb4406,3,4.004267016780864,0,19,0,50,Quantit√© limit√©e !,huaracheairfactory,white,https://contestimg.wish.com/api/webimage/5d550011680f557c89bb4406-medium.jpg,36,1,221,"Summer,floralprinteddres,Dress,slim,Floral dress,Women's Fashion,Plus Size,womensleevelessdres,printed,Floral,Casual,Women,dressforwomen,Flowers,Necks,casualwomendres,summer dress,summersleeveelessdres,Sleeveless dress,Round neck,dress slim,sleeveless",CN,1000,73119,6,0,Livraison standard,33,"87 % avis positifs (73,119 notes)",https://s3-us-west-1.amazonaws.com/sweeper-production-merchantimage/dp_547465748edcfa6ceab14f70.jpg,M
0,Mother and Daughter Casual Boho Stripe Maxi Dress Mom & Kids Matching Set Outfit,https://www.wish.com/c/5b3dd07615e1a54aa30f6117,0,0,4.09,5817f156d8ef7848c3b400cc,"Robe longue √† rayures Boho M√®re et Fille M√®re et Fille, assortie √† l'ensemble pour maman et enfants",113,168,288,26,ocean5for8ZH,12,5b3dd07615e1a54aa30f6117,3,4.38569196276921,0,42,0,50,Quantit√© limit√©e !,ocean5for8zh,black,https://contestimg.wish.com/api/webimage/5b3dd07615e1a54aa30f6117-medium.jpg,52,1,529,"Women S Clothing,maxi summer dresses,Mother,Dress,motherdaughterdresse,momandkid,Outfits,Casual,boho,Women's Fashion,Sleeveless dress,striped dress,Stripes,women dress,boho dress,motherdaughtermatchingclothe,kids",CN,5000,73595,50,0,Livraison standard,60,"93 % avis positifs (73,595 notes)",https://s3-us-west-1.amazonaws.com/sweeper-production-merchantimage/dp_5817f156d8ef7848c3b400cc.jpg,4-5 Years
0,Mayzero New Summer Women Long Beach Dress Boho Floral Print Sexy Split,https://www.wish.com/c/5a211e5fb2f70e3fded9ea3e,1,0,3.92,53e03f56ff4d6d36d2285ab0,Mayzero New Summer Femmes Robe Long Beach Boho Imprim√© Floral Sexy Split,2091,106,4974,655,hechuang1001,11,5a211e5fb2f70e3fded9ea3e,3,4.0686645678077555,0,1021,1,50,Quantit√© limit√©e !,hechuang1001,white,https://contestimg.wish.com/api/webimage/5a211e5fb2f70e3fded9ea3e-medium.jpg,45,1,10150,"Summer,Floral print,long dress,Beach,Dress,boho,Print,beach dress,off shoulder,splits,sexy,Floral,maxi dress,Ladies,Women's Fashion,Women",CN,20000,25093,12,1,Livraison standard,1409,"86 % avis positifs (25,093 notes)",https://s3-us-west-1.amazonaws.com/sweeper-production-merchantimage/dp_53e03f56ff4d6d36d2285ab0.jpg,S
0,Women's Summer Fashion Spaghetti Strap Floral Print Tie Front Mini Dress Sexy Dress,https://www.wish.com/c/5ea3b5bfa92d6c0442cd4b03,0,0,3.93,5533c83986ff95173dc017d0,Mode f√©minine √©t√© bretelles spaghetti imprim√© floral nouer devant mini robe robe sexy,12,7,27,2,shuilingjiao international trade company,8,5ea3b5bfa92d6c0442cd4b03,2,4.080890773644167,0,7,0,50,Quantit√© limit√©e !,shuilingjiaointernationaltradecompany,yellow,https://contestimg.wish.com/api/webimage/5ea3b5bfa92d6c0442cd4b03-medium.jpg,28,1,54,"Summer,Fashion,Floral print,Mini,Dress,Mini dress,Print,Women's Fashion,Sexy Dress,Floral,sexy,Spaghetti,Women Fashion",CN,1000,88193,19,1,Livraison standard,6,"87 % avis positifs (88,193 notes)",https://s3-us-west-1.amazonaws.com/sweeper-production-merchantimage/dp_5533c83986ff95173dc017d0.jpg,S
0,2019 Summer Plus Size Tank Top for Women Spaghetti Strap  Flower Print Sleeveless Casual Top (S-6XL),https://www.wish.com/c/5d00ccdde1fe9971cb8aef7a,0,0,4.06,5acaf29d5ebcfd72403106a8,2019 D√©bardeur grande taille √©t√© 2019 pour femme D√©bardeur d√©contract√© sans manches √† bretelles spaghetti imprim√© fleurs (S-6XL),303,8,894,92,Suyi Technology,9,5d00ccdde1fe9971cb8aef7a,3,4.045170200666179,0,129,0,50,Quantit√© limit√©e !,greatexpectationstechnology,beige,https://contestimg.wish.com/api/webimage/5d00ccdde1fe9971cb8aef7a-medium.jpg,23,1,1642,"Summer,Plus Size,Floral print,Tank,Tops,Spaghetti Strap,tank top,Women's Fashion,Flowers,Spaghetti,Print,sleeveless,Fashion,Casual,Women",CN,10000,12309,28,1,Livraison standard,224,"(12,309 notes)",https://s3-us-west-1.amazonaws.com/sweeper-production-merchantimage/dp_5acaf29d5ebcfd72403106a8.jpg,M
0,"Summer Women Jurassic Mom of Dino Tank Tops Casual Vest Don't Mess with MamaSaurus You'll Get Jurasskicked Funny Mom Shirt Sleeveless Blouse ",https://www.wish.com/c/5ca2f72d96d90c7ed661b692,0,0,4.02,584bcf7bfef409603f39b619,"Femmes d'√©t√© Jurassic Mom of Dino D√©bardeurs Casual Vest Don ' t Mess avec MamaSaurus Vous obtenez ' Jurasskicked chemise dr√¥le maman chemisier sans manches ",128,7,330,34,Chuanpu,7,5ca2f72d96d90c7ed661b692,2,4.018157135584592,0,54,0,50,Quantit√© limit√©e !,chuanpu,white,https://contestimg.wish.com/api/webimage/5ca2f72d96d90c7ed661b692-medium.jpg,41,1,636,"Summer,Vest,momshirt,Get,summer t-shirts,funnytop,yoga top,Tops,Women's Fashion,Fashion,Casual,Women,blouse,Funny,Tank,Shirt,graphic tee,sleevelessblouse,sportsamprecreation,Dinosaur,gymwear,sleeveless,casualblouse",CN,1000,35358,50,0,Livraison standard,90,"85 % avis positifs (35,358 notes)",https://s3-us-west-1.amazonaws.com/sweeper-production-merchantimage/dp_584bcf7bfef409603f39b619.jpg,S
0,Summer New 2020 Fashion Women's Slim Long Dress Plus Size Gradient Printed Sleeveless Soft and Comfortable Dress Beach Spaghetti Strap Dress Elegant Dress,https://www.wish.com/c/5eb763e728a61a40806afbff,0,0,3.4,58b011e82e27bf506cee1ace,√ât√© Nouveau 2020 Mode Femmes Mince Longue Robe Plus La Taille D√©grad√© Imprim√© Sans Manches Doux et Confortable Robe Plage Spaghetti Strap Robe √âl√©gante Robe,14,7,34,12,lovemom,8,5eb763e728a61a40806afbff,3,4.023291043363,0,16,0,50,Quantit√© limit√©e !,lovemom,grey,https://contestimg.wish.com/api/webimage/5eb763e728a61a40806afbff-medium.jpg,37,1,94,"slim long,slim dress,Fashion,Summer,Dresses,Beach,Dress,summer dress,long dress,Women's Fashion,slim,Spaghetti Strap,Elegant,beach dress,Plus Size,printed,Sleeveless dress,sleeveless,maxi dress,Spaghetti,Women",CN,1000,5281,50,0,Livraison standard,18,"85 % avis positifs (5,281 notes)",https://s3-us-west-1.amazonaws.com/sweeper-production-merchantimage/dp_58b011e82e27bf506cee1ace.jpg,S
0,Women Summer Printed Plus Size Loose Casual Trousers Harlan Pants Long Pants Plus  Size S-5XL,https://www.wish.com/c/5e3baa8d8f7db5003fb33026,0,0,3.54,5df71a34092d7302140be245,Women Summer Printed Plus Size Loose Casual Trousers Harlan Pants Long Pants Plus  Size S-5XL,3,10,5,2,simply spell,11,5e3baa8d8f7db5003fb33026,2,4.15593220338983,0,2,0,50,Quantit√© limit√©e !,simplyspell,black,https://contestimg.wish.com/api/webimage/5e3baa8d8f7db5003fb33026-medium.jpg,42,1,13,"Summer,trousers,pants,Bottom,fashion pants,Women's Fashion,Long pants,widelegpant,Casual,harem pants,summerpant,Plus Size,loosepant,printed,women trousers,slitpant,Women",CN,100,885,50,1,Livraison standard,1,88 % avis positifs (885 notes),https://s3-us-west-1.amazonaws.com/sweeper-production-merchantimage/dp_5df71a34092d7302140be245.jpg,XL
0,Women Fashion Casual Thai Harem Trousers Summer Hippy High Waist Pants Loose Yoga Pants,https://www.wish.com/c/5ec3838095806b23bae8412b,0,0,4.04,556425de56aea60ea1d17778,Femmes Mode Casual Thai Harem Pantalon D'√©t√© Hippy Pantalon Taille Haute Pantalon De Yoga L√¢che,13,3,22,4,changzhouzeranshangmaoyouxiangongsi,3,5ec3838095806b23bae8412b,1,4.093588281729673,0,2,0,50,Quantit√© limit√©e !,Â∏∏Â∑ûÊ≥ΩÁÑ∂ÂïÜË¥∏ÊúâÈôêÂÖ¨Âè∏,brown & yellow,https://contestimg.wish.com/api/webimage/5ec3838095806b23bae8412b-medium.jpg,29,1,47,"Summer,harem,trousers,Yoga,high waist,Casual pants,Long pants,pants,Waist,yoga pants,Women's Fashion,yoga leggings,harem pants,High Waist Pants,Fashion,sweat pants,Casual,Women",CN,100,11401,1,1,Livraison standard,6,"87 % avis positifs (11,401 notes)",https://s3-us-west-1.amazonaws.com/sweeper-production-merchantimage/dp_556425de56aea60ea1d17778.jpg,XXXS
0,Summer Women Fashion Floral Short Dress Spaghetti Strap Sweetheart Sheath Dress,https://www.wish.com/c/5d2eb8028c9c606b3e2f99cc,0,0,3.42,5541ba455252290c0b225b1f,Femmes d'√©t√© mode robe courte florale bretelles spaghetti ch√©rie robe fourreau,16,25,29,7,Higheight,13,5d2eb8028c9c606b3e2f99cc,3,3.9504034000864428,0,17,0,50,Quantit√© limit√©e !,higheight,rosered,https://contestimg.wish.com/api/webimage/5d2eb8028c9c606b3e2f99cc-medium.jpg,41,1,79,"Summer,sweetheart,Fashion,short dress,strappydres,goingout,Slim Fit,Floral dress,Shorts,Floral,Women's Fashion,Sheath Dress,A line dress,sweetheartdres,sexy,Above Knee dresses,Spaghetti,Dress,Women",CN,100,27764,50,1,Livraison standard,10,"(27,764 notes)",https://s3-us-west-1.amazonaws.com/sweeper-production-merchantimage/dp_5541ba455252290c0b225b1f.jpg,S
0,"Women Fashion Jumpsuit Short Romper V Neck Summer Playsuit Spaghetti Strap Halter Cute Beach Shorts Casual Solid Cami Rompers for Women ",https://www.wish.com/c/5e82bd24239e991c07f02bf7,0,0,3.37,561df3a23a698c711e5e5efa,"Women Fashion Jumpsuit Short Romper V Neck Summer Playsuit Spaghetti Strap Halter Cute Beach Shorts Casual Solid Cami Rompers for Women ",2,7,9,1,Double boutique,8,5e82bd24239e991c07f02bf7,3,3.9653373296700245,0,6,0,50,Quantit√© limit√©e !,doubleboutique,blue,https://contestimg.wish.com/api/webimage/5e82bd24239e991c07f02bf7-medium.jpg,41,1,19,"Summer,Plus Size,camishort,Halter,cute,Spaghetti,Necks,Spaghetti Strap,beach wear,playsuit,Casual,Women's Fashion,Shorts,playsuitoutfitsclothing,Fashion,Summer Fashion,Women,Beach,Rompers,Women Fashion,jumpsuit",CN,100,36033,50,1,Livraison standard,1,"84 % avis positifs (36,033 notes)",https://s3-us-west-1.amazonaws.com/sweeper-production-merchantimage/dp_561df3a23a698c711e5e5efa.jpg,S
0,ZANZEA Femme Casual Beach Col V Manche Courte Loose Plage Robe Dresse Maxi Plus,https://www.wish.com/c/5d5bb89494613054c04a2e21,0,0,3.46,58131ddf6f55296033923a7c,ZANZEA Femme Casual Beach Col V Manche Courte Loose Plage Robe Dresse Maxi Plus,9,84,23,3,vvfashion2016,11,5d5bb89494613054c04a2e21,3,4.201298485100716,0,13,0,50,Quantit√© limit√©e !,vvfashion2016,orange-red,https://contestimg.wish.com/api/webimage/5d5bb89494613054c04a2e21-medium.jpg,40,1,56,"pleated dress,robefemme,summer dress,V Neckdress,Casual,kleid,maternitydres,Party Dress,prom dress,maxi dress,Robes,Beach,loose dress",CN,100,90105,50,0,Livraison standard,8,"(90,105 notes)",https://s3-us-west-1.amazonaws.com/sweeper-production-merchantimage/dp_58131ddf6f55296033923a7c.jpg,M
0,New Fashion Summer Women Casual Dress Round Neck Loose Big Swing Skirt Sleeveless Soild Color Beach dress,https://www.wish.com/c/5e93d2215a3eed0c80ed2e56,0,0,3.74,5495976a40b3782bc8b3654a,Nouvelle mode d'√©t√© femmes robe d√©contract√©e col rond l√¢che Big Swing jupe sans manches Soild couleur robe de plage,11,10,23,3,OOWW FASHION,11,5e93d2215a3eed0c80ed2e56,3,3.9544430948124085,0,7,0,50,Quantit√© limit√©e !,ooww,black,https://contestimg.wish.com/api/webimage/5e93d2215a3eed0c80ed2e56-medium.jpg,41,1,54,"Summer,Fashion,Necks,Beach,Dress,Loose,beach dress,Round neck,Women's Fashion,sleeveless,Skirts,Casual,Women",CN,1000,73271,50,1,Livraison standard,10,"(73,271 notes)",https://s3-us-west-1.amazonaws.com/sweeper-production-merchantimage/dp_5495976a40b3782bc8b3654a.jpg,XS
0,Plus Size S-3XL New Women Fashion Loose Pants High Waist Ninth Pant Linen Trousers,https://www.wish.com/c/5cb02b41f8badd79e1c3a00b,0,0,3.3,578e0488ba8cd20e9b1b4a3b,Plus Size S-3XL New Women Fashion Loose Pants Pantalon ample taille haute Pantalon neuvi√®me pantalon Pantalon Pantalon en lin,170,5,326,125,Bruce Sky,5,5cb02b41f8badd79e1c3a00b,2,4.297335307179867,0,199,0,50,Quantit√© limit√©e !,brucesky,lightkhaki,https://contestimg.wish.com/api/webimage/5cb02b41f8badd79e1c3a00b-medium.jpg,32,1,1013,"trousers,high waist,Casual pants,pants,Women's Fashion,Long pants,pencil pants,Plus Size,loosepant,women trousers,Women,Fashion,Waist",CN,5000,13510,50,0,Livraison standard,193,"92 % avis positifs (13,510 notes)",https://s3-us-west-1.amazonaws.com/sweeper-production-merchantimage/dp_578e0488ba8cd20e9b1b4a3b.jpg,S
0,Women Lace See Through Sexy Lace up Low Waist Hollow Bikini Lingerie Set,https://www.wish.com/c/5a6f52aef718e05afa275acd,0,0,3.32,53e4bb20ff4d6d1b68bdb6d1,Femmes dentelle voir √† travers sexy lace up taille basse creux bikini ensemble de lingerie,83,9,181,58,bestwsih4u,3.67,5a6f52aef718e05afa275acd,1,4.070618245284286,0,111,0,50,Quantit√© limit√©e !,shenzhenfinejofashioncoltd,white,https://contestimg.wish.com/api/webimage/5a6f52aef718e05afa275acd-medium.jpg,111,1,510,"Lace Up,lacelingerieset,Lace,lowwaistunderwear,hollowoutlingerie,Waist,florallingerie,halterlingerieset,Women's Fashion,Bikini,Lingerie,women lingerie,Lingerie Sets,sexy,sexy lace,Bikini Lingerie,Women,sexy lingerie,laceuplingerie",CN,5000,253249,15,0,Livraison standard,77,"(253,249 notes)",https://s3-us-west-1.amazonaws.com/sweeper-production-merchantimage/dp_53e4bb20ff4d6d1b68bdb6d1.jpg,XL
0,Good Quality 2014 Summer Hot Sale Zipper Shorts Fashion Slim Men's Causual Ripped Jeans Cropped Trousers,https://www.wish.com/c/535530635aefb0555ba4351f,0,0,4.09,530306fe34067e3f15c41d87,Bonne Qualit√© 2014 √ât√© Vente Chaude Zipper Shorts Mode Slim Hommes Causual D√©chir√© Jeans Pantalon Court,289,21,897,74,ailla clothing,19,535530635aefb0555ba4351f,6,4.092913558578323,0,152,0,50,Quantit√© limit√©e !,litiannetworking,blue,https://contestimg.wish.com/api/webimage/535530635aefb0555ba4351f-medium.jpg,40,1,1561,"men jeans,Fashion,Summer,rippedjean,slim,croppedjean,mensummerjean,2014menshort,Men Shorts,zippers,Jeans,trousers,summerjean,Shorts,causaljean,rippedshort,2014summermenshort",CN,5000,9116,1,0,Livraison standard,149,"87 % avis positifs (9,116 notes)",https://s3-us-west-1.amazonaws.com/sweeper-production-merchantimage/dp_530306fe34067e3f15c41d87.jpg,26(Waist 72cm 28inch)
0,2019 New Fashion Women's Slim Plus Size Maxi Dress Ink Printing Spaghetti Strap Dress,https://www.wish.com/c/5dc3800976a1ec057a02a047,0,0,3.69,58b011e82e27bf506cee1ace,2019 nouvelle mode femmes mince plus la taille maxi robe impression √† l'encre robe √† bretelles spaghetti,356,10,985,156,lovemom,11,5dc3800976a1ec057a02a047,2,4.023291043363,0,343,0,50,Quantit√© limit√©e !,lovemom,red,https://contestimg.wish.com/api/webimage/5dc3800976a1ec057a02a047-medium.jpg,37,1,2160,"slim dress,dressesforwomen,halter dress,Dresses,Spaghetti,Plus Size,Spaghetti Strap,slim,Women's Fashion,Sleeveless dress,maxi dress,Fashion,Dress,Women",CN,20000,5281,50,0,Livraison standard,320,"85 % avis positifs (5,281 notes)",https://s3-us-west-1.amazonaws.com/sweeper-production-merchantimage/dp_58b011e82e27bf506cee1ace.jpg,S
0,Sexy Solid Ruffled Chiffon Sling Top Pure Color Women Summer Tank Top Plus Size,https://www.wish.com/c/5c879aba202e6b38cd317164,0,0,4.06,5660e53e769a564b3e3aeca0,Sexy Solid Solid Ruffled Chiffon Sling Top Pure Color Femme D√©bardeur d'√©t√© Taille Plus Grande,142,8,400,45,Fashion Trend Line,9,5c879aba202e6b38cd317164,3,3.9993714037038828,0,53,0,50,Quantit√© limit√©e !,Ê≥∑Áøî,orange,https://contestimg.wish.com/api/webimage/5c879aba202e6b38cd317164-medium.jpg,41,1,743,"Summer,Plus Size,ruffle,ruffled,chiffon,Tank,Pure Color,Cami,tank top,Women's Fashion,Fashion,V-neck,blousesampshirt,sexy,Tops,Women",CN,5000,20681,50,0,Livraison standard,103,"85 % avis positifs (20,681 notes)",https://s3-us-west-1.amazonaws.com/sweeper-production-merchantimage/dp_5660e53e769a564b3e3aeca0.jpg,S
0,5 Color Women's Fashion Summer Slim Sleeveless Camouflage Print Dress High Waist Lace Up Casual Pocket Mini Dresses Plus Size S-5XL,https://www.wish.com/c/5d2fd5a9af7a0c5b21369a05,0,0,4.16,55ed5a3362e273427107759e,5 Couleur Femmes De Mode D'√©t√© Mince Sans Manches Imprim√© Camouflage Robe Taille Haute √Ä Lacets Casual Poche Mini Robes Plus La Taille S-5XL,27,13,82,7,Oucho co. ltd.,13,5d2fd5a9af7a0c5b21369a05,3,3.9813366374970958,1,12,1,50,Quantit√© limit√©e !,ouchocoltd,pink,https://contestimg.wish.com/api/webimage/5d2fd5a9af7a0c5b21369a05-medium.jpg,41,1,138,"Summer,Plus Size,Lace,Mini,Dress,slim,camouflage,Mini dress,Pocket,high waist,Women's Fashion,Fashion,Lace Up,t,print dress,Print,sleeveless,bodycon,Casual,Women Fashion,Waist",CN,1000,12913,50,0,Livraison standard,10,"85 % avis positifs (12,913 notes)",https://s3-us-west-1.amazonaws.com/sweeper-production-merchantimage/dp_55ed5a3362e273427107759e.jpg,S
0,Summer Fashion Dabbing Pug T-Shirt Newest Men Funny T Shirts  Tops Hip Hop Tee,https://www.wish.com/c/591e8dcf49043a6ea25b1a31,0,0,4.52,5885a7e767f7c84d7657d220,Mode d'√©t√© Dabbing Pug T-Shirt Hommes les plus r√©cents T-shirts dr√¥les Tops Hip Hop Tee,64,38,216,9,Durax,9,591e8dcf49043a6ea25b1a31,3,4.380173035328046,1,7,1,50,Quantit√© limit√©e !,durax,white,https://contestimg.wish.com/api/webimage/591e8dcf49043a6ea25b1a31-medium.jpg,55,1,312,"Hip Hop,Summer,Fashion,Shirt,Funny,onecktshirt,Tops,summer t-shirts,Tee,Men's Fashion,Cool T-Shirts,T Shirts,Men T-shirt,Men,3dprintedtshirt,sizesxxxl",CN,1000,27740,50,0,Livraison standard,16,"94 % avis positifs (27,740 notes)",https://s3-us-west-1.amazonaws.com/sweeper-production-merchantimage/dp_5885a7e767f7c84d7657d220.jpg,S
0,ZANZEA Damen Sommer Mode Lose Rundhals Baumwolle Leinen 3/4 Arm Shirt Bluse Hemd Kleid Dress,https://www.wish.com/c/5b2a113209dce569672cc9f2,0,0,4.25,58131ddf6f55296033923a7c,ZANZEA - Damen Sommer Mode Lose Rundhals Baumwolle Leinen 3/4 Arm Shirt Bluse Hemd Kleid Dress,313,108,905,63,vvfashion2016,16,5b2a113209dce569672cc9f2,4,4.201298485100716,1,74,1,50,Quantit√© limit√©e !,vvfashion2016,red,https://contestimg.wish.com/api/webimage/5b2a113209dce569672cc9f2-medium.jpg,40,1,1524,"Fashion,Shirt,women dresses,Long Sleeve,plus size dress,Dress,pulloverdres,Women's Fashion,Midi Dress,maxi dress,kaftandres,plaidchecked",CN,10000,90105,50,1,Livraison standard,169,"90 % avis positifs (90,105 notes)",https://s3-us-west-1.amazonaws.com/sweeper-production-merchantimage/dp_58131ddf6f55296033923a7c.jpg,L
0,Women's Fashion Solid Summer Shorts Ladies Casual Short Pants Beach Shorts Plus Size XS-8XL,https://www.wish.com/c/5e95cf4cce38972f9c579599,0,0,3.72,5512b0d98e8def07a462e1d7,Mode f√©minine Solid Summer Shorts Ladies Casual Short Pants Beach Shorts Plus Size XS-8XL,12,6,19,4,Hello fashion store,7,5e95cf4cce38972f9c579599,2,4.1278391390540925,0,6,0,50,Quantit√© limit√©e !,hellofashionstore,green,https://contestimg.wish.com/api/webimage/5e95cf4cce38972f9c579599-medium.jpg,22,1,47,"Summer,Shorts,skinny pants,pants,women's pants,Short pants,summer shorts,Casual,harem pants,Women's Fashion,Plus Size,Sports Pants,Denim Shorts,high waisted shorts,Ladies,Beach,Fashion,pant womens summer",CN,100,17655,50,0,Livraison standard,6,"(17,655 notes)",https://s3-us-west-1.amazonaws.com/sweeper-production-merchantimage/dp_5512b0d98e8def07a462e1d7.jpg,XS
0,Summer Women Fashion Short Dress Sleeveless Waist Dress Camouflage Dress Bodycon Slim Fit Dress Plus Size XS-8XL,https://www.wish.com/c/5e956110d55c740fe1578225,0,0,4.19,54db03867851097093c0efe7,√ât√© Femmes Mode Robe Courte Sans Manches Taille Robe Camouflage Robe Moulante Slim Fit Robe Plus La Taille XS-8XL,10,7,33,2,fuzhoushicangshanqutiantuwenhuachuanboyouxiangongsi,8,5e956110d55c740fe1578225,2,3.851930136833908,1,5,1,50,Quantit√© limit√©e !,Á¶èÂ∑ûÂ∏Ç‰ªìÂ±±Âå∫Â§©È?îÊñáÂåñ‰º†Êí≠ÊúâÈôêÂÖ¨Âè?,pink,https://contestimg.wish.com/api/webimage/5e956110d55c740fe1578225-medium.jpg,21,1,54,"Summer,Plus Size,women dresses,Evening Dress,Dress,slim,casual dresses,Mini dress,beach dress,Fashion,sleeveless,summer dresses,casual dress,slim dress,Shorts,Waist,short dress,Slim Fit,Women's Fashion,camouflage,Sleeveless dress,t,women dress,Women",CN,100,8989,50,0,Livraison standard,4,"82 % avis positifs (8,989 notes)",https://s3-us-west-1.amazonaws.com/sweeper-production-merchantimage/dp_54db03867851097093c0efe7.jpg,XS
0,Sexy Women's Summer Casual Sleeveless Evening Party Backless Beachwear Mini Dress,https://www.wish.com/c/594c7f0082f9b070a355c94c,0,0,3.18,57c306d73a698c06f98ed450,Mini robe de soir√©e d√©contract√©e sans manches pour femmes,96,21,174,69,SKATE,6,594c7f0082f9b070a355c94c,2,4.113869950137377,0,137,0,50,Quantit√© limit√©e !,skate,rose,https://contestimg.wish.com/api/webimage/594c7f0082f9b070a355c94c-medium.jpg,34,1,573,"Summer,womens dresses,Mini,Patchwork,Dress,backlessbeachwear,Mini dress,beachdresse,Women's Fashion,Women S Clothing,soliddresse,party,backless,sexy,Casual,sleeveless",CN,5000,9827,13,0,Livraison standard,97,"(9,827 notes)",https://s3-us-west-1.amazonaws.com/sweeper-production-merchantimage/dp_57c306d73a698c06f98ed450.jpg,S
0,2019 Summer Fashion Women Sleeveless Lace Tank Top Spaghetti Strap Tops Casual Tank Top V Neck Shirt Plus Size,https://www.wish.com/c/5cd8e61e943cd76a7c2d0be0,0,0,3.19,58fde9517c09181253b0ef86,2019 Mode d'√©t√© Femme sans manches D√©bardeur en dentelle D√©bardeur Spaghetti Strap Tops D√©bardeur d√©contract√© D√©bardeur V Chemise col V Grande taille,44,6,77,19,mimily,7,5cd8e61e943cd76a7c2d0be0,2,4.012953645219998,0,66,0,50,Quantit√© limit√©e !,mimily,armygreen,https://contestimg.wish.com/api/webimage/5cd8e61e943cd76a7c2d0be0-medium.jpg,43,1,245,"Summer,strappytop,Plus Size,Lace,Shirt,Plus size top,tank top,Women's Fashion,Fashion,sleeveless tops,Casual T-Shirt,Spaghetti,summer tops,Women,lace trim,spaghetti strap top,Tank,Necks,Tops,Casual,Cami Tank Tops,sleeveless,deep v neck top,Loose tank tops",CN,1000,9341,50,0,Livraison standard,39,"(9,341 notes)",https://s3-us-west-1.amazonaws.com/sweeper-production-merchantimage/dp_58fde9517c09181253b0ef86.jpg,M
0,"Women‚Äôs Fashion Summer Casual Floral Printed V-Neck Sling Dress Bohemian Skirt High Waist Big Swing Dress ",https://www.wish.com/c/5cfdc9eaa9b0806c2f9aca41,0,0,4.4,5abb2cf26be8733b5bf6844f,"Women s Fashion Summer Casual Floral Printed V-Neck Sling Dress Bohemian Skirt High Waist Big Swing Dress ",16,7,57,4,maligoodsmart,4.73,5cfdc9eaa9b0806c2f9aca41,1,4.1174449226026075,1,3,1,50,Quantit√© limit√©e !,lazzyshop,green,https://contestimg.wish.com/api/webimage/5cfdc9eaa9b0806c2f9aca41-medium.jpg,35,1,86,"Summer,Fashion,high waist,Swing dress,long dress,Skirts,Dress,Waist,boho,V-neck,floralprinted,slingdre,bohemian,off shoulder,retro,Swing,Floral,printed,Women's Fashion,Casual,Women",CN,100,31138,1,1,Livraison standard,6,"88 % avis positifs (31,138 notes)",https://s3-us-west-1.amazonaws.com/sweeper-production-merchantimage/dp_5abb2cf26be8733b5bf6844f.jpg,S
0,Summer Fashion Trousers Women Leggings Ripped Pants Slim Pants Army Green Tights Pants,https://www.wish.com/c/5af406469be1de3b00f73128,0,0,3.76,53db691bd911395c8b2f92be,Pantalon de mode d'√©t√© Femmes Leggings Pantalon d√©chir√© Pantalon slim Pantalon vert arm√©e Collants,1502,14,3689,592,xiaomi,11,5af406469be1de3b00f73128,2,4.1371058558558556,0,1086,0,50,Quantit√© limit√©e !,xiaomi,black,https://contestimg.wish.com/api/webimage/5af406469be1de3b00f73128-medium.jpg,43,1,8029,"Summer,Leggings,trousers,high waist,Casual pants,Army,pants,Women's Fashion,pencil pants,Fashion,Green,Women,slim,Pants & Capris",CN,20000,17760,19,1,Livraison standard,1160,"88 % avis positifs (17,760 notes)",https://s3-us-west-1.amazonaws.com/sweeper-production-merchantimage/dp_53db691bd911395c8b2f92be.jpg,S
0,"Women Fashion Lace Party Cocktail Mini Dress Ladies Summer Short Sleeve Skater Dresses ",https://www.wish.com/c/5aba0e4d35ca8601538db9b5,0,0,4.28,5435ef5d01c0c057210e6b32,"Robe d'√©t√© √† manches courtes de patineuse pour dames avec mini-robe de cocktail en dentelle pour dames ",328,34,976,70,World Deal,16,5aba0e4d35ca8601538db9b5,5,4.23090311182634,1,76,1,50,Quantit√© limit√©e !,worlddeal,black,https://contestimg.wish.com/api/webimage/5aba0e4d35ca8601538db9b5-medium.jpg,39,1,1612,"Mini,womens dresses,Lace,Cocktail,slim dress,Dress,short sleeves,Mini dress,Women's Fashion,short sleeve dress,Summer,Party Dresses,princess dress,Bodycon Dress,Women,lace dresses,Shorts,Sleeve,Cocktail dresses,summer dress,Ladies,party,Fashion",CN,5000,228676,9,1,Livraison standard,162,"90 % avis positifs (228,676 notes)",https://s3-us-west-1.amazonaws.com/sweeper-production-merchantimage/dp_5435ef5d01c0c057210e6b32.jpg,M
0,Women Summer Fashion Tank Tops Sexy Sleeveless Crop Tops Casual Style Women Cotton Print Lace Stitching Irregular Blouse TopsÔºàXS-5XL),https://www.wish.com/c/5e16cb87e6dd7c03be24b28a,0,0,4.19,58ad449708de0c6dc59d9e06,Femmes d'√©t√© Mode D√©bardeurs Sexy Sans Manches Crop Tops Style D√©contract√© Femmes Coton Imprim√© Dentelle Coutures Irr√©guli√®res Blouse Tops ÔºàXS-5XL),14,2,50,4,hellohorse,2,5e16cb87e6dd7c03be24b28a,1,4.14695734747171,1,7,1,50,Quantit√© limit√©e !,hellohorse,green,https://contestimg.wish.com/api/webimage/5e16cb87e6dd7c03be24b28a-medium.jpg,35,1,81,"blouse,Summer,Plus Size,Tops & Blouses,Lace,Tank,Tops,topsamptshirt,tank top,Women's Fashion,Fashion,Loose,topsampblouse,Print,sleeveless,sexy,Women,Casual,Cotton",CN,1000,126370,1,0,Livraison standard,6,"89 % avis positifs (126,370 notes)",https://s3-us-west-1.amazonaws.com/sweeper-production-merchantimage/dp_58ad449708de0c6dc59d9e06.jpg,XS
0,Plus Size S-5XL Slim Fit Casual Classic Shorts Jeans Summer Sexy Women's Fashion High Waist Washed Denim Shorts,https://www.wish.com/c/5eb24bea7fc03e380f0509a1,0,0,3.78,53994751796f684b7f2193b5,Grande taille S-5XL Slim Fit Casual Classic Shorts Jeans √ât√© Sexy Femmes Mode Taille Haute Lav√© Shorts Denim,2,2,20,4,Clothes-Market,1.8599999999999999,5eb24bea7fc03e380f0509a1,1,3.9729373517265616,0,5,0,50,Quantit√© limit√©e !,qianshanlangweitradingcoltd,black,https://contestimg.wish.com/api/webimage/5eb24bea7fc03e380f0509a1-medium.jpg,42,1,36,"Women Pants,womens jeans,Fashion,Summer,Denim,slim,Hot pants,Women's Fashion,Plus Size,sexy,Casual,Slim Fit,Shorts,Waist,skinnyshort,Classics,Short pants,summerpant,Denim Shorts,high waist,solid color,Jeans",CN,1000,45524,50,1,Livraison standard,5,"85 % avis positifs (45,524 notes)",https://s3-us-west-1.amazonaws.com/sweeper-production-merchantimage/dp_53994751796f684b7f2193b5.jpg,XXXS
0,2019 Summer Ribbed Knitted Tank Top Cool Casual Plain Crop Top,https://www.wish.com/c/5c86009eab8dc14c1e679eb0,0,0,3.34,55d480c092e9ba1242bd816a,2019 D√©bardeur d'√©t√© en tricot c√¥tel√© en maille pour chandail d√©contract√© et d√©contract√© √† bretelles unies,44,5,80,23,cindy,5,5c86009eab8dc14c1e679eb0,2,4.094745422623526,0,48,0,50,Quantit√© limit√©e !,ÁéãÁÑïÁÑ?,blue,https://contestimg.wish.com/api/webimage/5c86009eab8dc14c1e679eb0-medium.jpg,41,1,252,"highwaisttop,Fashion,loosevest,Summer,loose shirt,Tank,Tops,knitted crop top,tank top,tank tops women,knitted,ribbed crop top,PLAINCROP TOP,Casual,cassualvest,solidblouse,tops for women",CN,1000,15948,15,0,Livraison standard,57,"87 % avis positifs (15,948 notes)",https://s3-us-west-1.amazonaws.com/sweeper-production-merchantimage/dp_55d480c092e9ba1242bd816a.jpg,XS
0,XS-8XL Plus Size Fashion Clothes Summer Dresses Women's Casual Sleeveless Beach Dress Gradient Color Cotton Dress Deep V-neck Off Shoulder Long Dress Ladies Loose Halter Party Dress,https://www.wish.com/c/5ea13adaa3cf3440f5d1605d,0,0,2.98,564b2fb5c126a0127af8441e,XS-8XL Plus La Taille V√™tements De Mode Robes D'√©t√© Femmes Casual Robe De Plage Sans Manches D√©grad√© Couleur Robe En Coton Col En V Profond √âpaule Longue Robe Dames L√¢che Halter Robe De Soir√©e,13,5,33,11,shenzhenshihuayanmaoyiyouxiangongsi,5,5ea13adaa3cf3440f5d1605d,2,3.9049418604651165,0,35,0,50,Quantit√© limit√©e !,Ê∑±Âú≥Â∏ÇÂçéË°çË¥∏ÊòìÊúâÈôêÂÖ¨Âè?,pink,https://contestimg.wish.com/api/webimage/5ea13adaa3cf3440f5d1605d-medium.jpg,20,1,102,"Deep V-Neck,Plus Size,halter dress,Halter,Summer,long dress,Dress,V-neck,beach dress,Party Dress,sleeveless,Casual,Clothes,maxide,Beach,summer dress,Women's Fashion,Cotton Dress,Sleeveless dress,Ladies,party,Cotton,Fashion,loose dress",CN,1000,10320,2,1,Livraison standard,10,"83 % avis positifs (10,320 notes)",https://s3-us-west-1.amazonaws.com/sweeper-production-merchantimage/dp_564b2fb5c126a0127af8441e.jpg,XS
0,Women Bikini Set Swimsuit Bikinis Halter Swimwear Women Beach Wear Bathing Suit Tankini Monokini,https://www.wish.com/c/5d2c298f71a914273558a31e,0,0,3.85,56e43d9e3a698c3826a5feff,Maillot de bain femme maillot de bain Bikinis Halter Maillots de bain femme Maillot de bain maillot de bain Tankini Monokini,257,7,550,86,good999,7,5d2c298f71a914273558a31e,2,4.179445442299057,0,129,0,50,Quantit√© limit√©e !,good999,black & blue,https://contestimg.wish.com/api/webimage/5d2c298f71a914273558a31e-medium.jpg,31,1,1193,"Bikinis Set,Womens Swimsuit,Halter,Bikini swimwear,women swimsuit,padded bikini,bandage bikini,Swimwear,swimsuits for women,Bikini,Suits,Women's Fashion,Fashion,Womens swimwear,high waist bikini,Halter Bikini,Swimsuit,Beach,Swimming,Women",CN,10000,17816,50,0,Livraison standard,171,"(17,816 notes)",https://s3-us-west-1.amazonaws.com/sweeper-production-merchantimage/dp_56e43d9e3a698c3826a5feff.jpg,XS
0,Summer New Women's Casual Dress Short Sleeve V-neck Loose Dresses Solid Color Dress Plus Size,https://www.wish.com/c/5d5f49662c026a13234062e7,0,0,3.28,5acaf29d5ebcfd72403106a8,Robe d√©contract√©e d'√©t√© √† manches courtes √† manches courtes pour femmes,29,6,44,17,Suyi Technology,7,5d5f49662c026a13234062e7,2,4.045170200666179,0,30,0,50,Quantit√© limit√©e !,greatexpectationstechnology,yellow,https://contestimg.wish.com/api/webimage/5d5f49662c026a13234062e7-medium.jpg,23,1,141,"sleeve v-neck,Summer,Plus Size,Sleeve,Dresses,Dress,short sleeves,V-neck,Women's Fashion,Shorts,solid color,knee,Fashion,Casual",CN,1000,12309,7,1,Livraison standard,21,"86 % avis positifs (12,309 notes)",https://s3-us-west-1.amazonaws.com/sweeper-production-merchantimage/dp_5acaf29d5ebcfd72403106a8.jpg,XS
0,Summer Beach Fashion Plus Size Women's Loose Short Sleeve Long Blouses Plus Size Deep V-neck Party Dress Ladies Casual Solid Color Beach Wear Swimsuit Cover-up Short Linen Dress,https://www.wish.com/c/5d29bc2e05b01018762aaea8,0,0,3.28,59aebfa350df6107c1eff8c8,Summer Beach Fashion Plus Size Femmes l√¢che manches courtes Blouses longues Plus Size Deep V-cou Party Dress Dames Casual Solid Color Beach Wear Maillot de bain Cover-up Short Linen Dress,25,30,64,18,naturalcolor,7,5d29bc2e05b01018762aaea8,2,4.382091743119266,0,42,0,50,Quantit√© limit√©e !,naturalcolor,white,https://contestimg.wish.com/api/webimage/5d29bc2e05b01018762aaea8-medium.jpg,109,1,179,"blouse,Plus Size,Summer,Dress,short sleeves,V-neck,beach dress,Fashion,Casual,Deep V-Neck,Shorts,Tops & Blouses,Sleeve,summer dress,Women's Fashion,Swimsuit,Party Dress,Ladies,party,linen dress,Beach,loose dress,Swimming",CN,1000,13625,50,1,Livraison standard,30,"93 % avis positifs (13,625 notes)",https://s3-us-west-1.amazonaws.com/sweeper-production-merchantimage/dp_59aebfa350df6107c1eff8c8.jpg,XS
0,Women Casual Loose Linen Trousers Solid Color Sport Yoga Comfortable Women Pants,https://www.wish.com/c/5cf608da188cc348c6d66b74,0,0,3.75,5556c60071e86d19fe7590d4,Pantalon de yoga sport couleur unie pour femme Pantalon confortable pour femme,264,7,537,91,Grace Style Fashion Store,6,5cf608da188cc348c6d66b74,2,4.055231102953446,0,159,0,50,Quantit√© limit√©e !,gracestylefashionstore,black,https://contestimg.wish.com/api/webimage/5cf608da188cc348c6d66b74-medium.jpg,31,1,1238,"Panties,sport pants,skinny pants,Casual pants,pants,yoga pants,Women's Fashion,Long pants,trousersforwomen,trousers,Sports Pants,women trousers,Yoga,Sport,Casual,trouserswomen,Women",CN,10000,5993,50,0,Livraison standard,187,"86 % avis positifs (5,993 notes)",https://s3-us-west-1.amazonaws.com/sweeper-production-merchantimage/dp_5556c60071e86d19fe7590d4.jpg,XS
